{"cameraMode":{"drawMode":0,"name":"Shaded","section":"Shading Mode"},"sceneLighting":true,"audioPlay":false,"sceneViewState":{"m_AlwaysRefresh":false,"showFog":true,"showSkybox":true,"showFlares":true,"showImageEffects":true,"showParticleSystems":true,"showVisualEffectGraphs":true,"m_FxEnabled":true},"in2DMode":false,"pivot":{"x":-0.9582715630531311,"y":3.9778664112091066,"z":-5.128706455230713},"rotation":{"x":-0.039277106523513797,"y":-0.033554598689079288,"z":0.0013199675595387817,"w":-0.998664915561676},"size":1.705873727798462,"orthographic":false}